Model,Internal AUC,External AUC,Difference
Logistic Regression,0.816,0.8179,0.0019000000000000128
Random Forest,0.8191,0.8504,0.031299999999999994
XGBoost,0.8234,0.8308,0.007399999999999962
